CREATE TABLE IF NOT EXISTS penjualan (
    `id_distributor` VARCHAR(3) CHARACTER SET utf8,
    `id_cabang` VARCHAR(5) CHARACTER SET utf8,
    `id_invoice` VARCHAR(6) CHARACTER SET utf8,
    `tanggal` DATE,
    `id_customer` VARCHAR(9) CHARACTER SET utf8,
    `id_barang` VARCHAR(7) CHARACTER SET utf8,
    `jumlah_barang` double(12, 2),
    `unit` VARCHAR(3) CHARACTER SET utf8,
    `harga` double(12, 2),
    `mata_uang` VARCHAR(3) CHARACTER SET utf8,
    `brand_id` VARCHAR(7) CHARACTER SET utf8,
    `lini` VARCHAR(8) CHARACTER SET utf8
);
INSERT INTO penjualan VALUES ('TD','CAB01','IN5997','2022-01-20 00:00:00','CUST55380','BRG0001',1,'DUS',1169.91,'IDR','BRND001','OGB & PH'),
	('TD','CAB01','IN6297','2022-01-20 00:00:00','CUST55381','BRG0002',5,'DUS',2337.5,'IDR','BRND002','ETIKAL'),
	('TA','CAB02','IN6155','2022-01-21 00:00:00','CUST55382','BRG0003',9,'DUS',10690.6,'IDR','BRND003','MARCKS'),
	('EPM','CAB03','IN6144','2022-01-22 00:00:00','CUST55383','BRG0004',13,'DUS',8700.7,'IDR','BRND004','VNS'),
	('TD','CAB04','IN6280','2022-01-23 00:00:00','CUST55384','BRG0005',1,'DUS',5648.3,'IDR','BRND005','SLCYL'),
	('TA','CAB05','IN6052','2022-01-23 00:00:00','CUST55385','BRG0006',5,'DUS',2819.2,'IDR','BRND006','OGB & PH'),
	('EPM','CAB06','IN6089','2022-01-25 00:00:00','CUST55386','BRG0007',9,'DUS',4592.1,'IDR','BRND007','ETIKAL'),
	('TD','CAB07','IN6251','2022-01-23 00:00:00','CUST55387','BRG0008',1,'DUS',3991.9,'IDR','BRND008','MARCKS'),
	('TA','CAB08','IN6036','2022-01-27 00:00:00','CUST55388','BRG0009',23,'DUS',5780.7,'IDR','BRND009','VNS'),
	('EPM','CAB09','IN6029','2022-01-28 00:00:00','CUST55389','BRG0010',4,'DUS',6940.3,'IDR','BRND010','SLCYL'),
	('TD','CAB10','IN6190','2022-01-23 00:00:00','CUST55390','BRG0001',2,'DUS',1169.91,'IDR','BRND001','OGB & PH'),
	('TD','CAB01','IN6287','2022-01-30 00:00:00','CUST55391','BRG0002',17,'DUS',2337.5,'IDR','BRND002','ETIKAL'),
	('TA','CAB01','IN6102','2022-01-31 00:00:00','CUST55392','BRG0003',11.3181818181818,'DUS',10690.6,'IDR','BRND003','MARCKS'),
	('EPM','CAB02','IN6301','2022-02-01 00:00:00','CUST55393','BRG0004',11.9055944055944,'DUS',8700.7,'IDR','BRND004','VNS'),
	('TD','CAB03','IN6024','2022-01-27 00:00:00','CUST55394','BRG0005',12.493006993007,'DUS',5648.3,'IDR','BRND005','SLCYL'),
	('TA','CAB04','IN6184','2022-01-28 00:00:00','CUST55395','BRG0006',25,'DUS',2819.2,'IDR','BRND006','OGB & PH'),
	('EPM','CAB05','IN6307','2022-01-23 00:00:00','CUST55396','BRG0007',13.6678321678322,'DUS',4592.1,'IDR','BRND007','ETIKAL'),
	('TD','CAB06','IN6245','2022-01-30 00:00:00','CUST55397','BRG0008',34,'DUS',3991.9,'IDR','BRND008','MARCKS'),
	('TA','CAB07','IN6195','2022-01-31 00:00:00','CUST55398','BRG0009',67,'DUS',5780.7,'IDR','BRND009','VNS'),
	('EPM','CAB08','IN6023','2022-02-01 00:00:00','CUST55399','BRG0010',15.4300699300699,'DUS',6940.3,'IDR','BRND010','SLCYL'),
	('TD','CAB09','IN6113','2022-01-27 00:00:00','CUST55400','BRG0001',12.493006993007,'DUS',1169.91,'IDR','BRND001','OGB & PH'),
	('TD','CAB10','IN6141','2022-01-28 00:00:00','CUST55401','BRG0002',25,'DUS',2337.5,'IDR','BRND002','ETIKAL'),
	('TA','CAB01','IN6125','2022-01-23 00:00:00','CUST55402','BRG0003',13.6678321678322,'DUS',10690.6,'IDR','BRND003','MARCKS'),
	('EPM','CAB01','IN6176','2022-01-30 00:00:00','CUST55403','BRG0004',17.7797202797203,'DUS',8700.7,'IDR','BRND004','VNS'),
	('TD','CAB02','IN6175','2022-01-31 00:00:00','CUST55404','BRG0005',18.3671328671329,'DUS',5648.3,'IDR','BRND005','SLCYL'),
	('TA','CAB03','IN6259','2022-02-01 00:00:00','CUST55405','BRG0006',18.9545454545454,'DUS',2819.2,'IDR','BRND006','OGB & PH'),
	('EPM','CAB01','IN6173','2022-01-27 00:00:00','CUST55406','BRG0001',12.493006993007,'DUS',4592.1,'IDR','BRND007','ETIKAL'),
	('TD','CAB01','IN6013','2022-01-28 00:00:00','CUST55407','BRG0002',25,'DUS',3991.9,'IDR','BRND008','MARCKS'),
	('TD','CAB02','IN6086','2022-01-23 00:00:00','CUST55408','BRG0003',13.6678321678322,'DUS',5780.7,'IDR','BRND009','VNS'),
	('TA','CAB03','IN6108','2022-01-30 00:00:00','CUST55409','BRG0004',21.3041958041958,'DUS',6940.3,'IDR','BRND010','SLCYL'),
	('EPM','CAB04','IN6321','2022-01-31 00:00:00','CUST55410','BRG0001',21.8916083916084,'DUS',1169.91,'IDR','BRND001','OGB & PH'),
	('TD','CAB05','IN5994','2022-02-01 00:00:00','CUST55411','BRG0002',12.493006993007,'DUS',2337.5,'IDR','BRND002','ETIKAL'),
	('TA','CAB06','IN6146','2022-01-27 00:00:00','CUST55412','BRG0003',25,'DUS',10690.6,'IDR','BRND003','MARCKS'),
	('EPM','CAB07','IN6230','2022-01-28 00:00:00','CUST55413','BRG0004',13.6678321678322,'DUS',8700.7,'IDR','BRND004','VNS'),
	('TD','CAB08','IN5991','2022-01-23 00:00:00','CUST55414','BRG0005',24.2412587412587,'DUS',5648.3,'IDR','BRND005','SLCYL'),
	('TA','CAB09','IN6281','2022-01-30 00:00:00','CUST55415','BRG0006',10,'DUS',2819.2,'IDR','BRND006','OGB & PH'),
	('EPM','CAB10','IN6226','2022-01-31 00:00:00','CUST55416','BRG0007',23,'DUS',4592.1,'IDR','BRND007','ETIKAL'),
	('TD','CAB01','IN6063','2022-02-01 00:00:00','CUST55417','BRG0008',12,'DUS',3991.9,'IDR','BRND008','MARCKS'),
	('TD','CAB01','IN6131','2022-01-27 00:00:00','CUST55418','BRG0009',10,'DUS',5780.7,'IDR','BRND009','VNS'),
	('TA','CAB02','IN6262','2022-01-28 00:00:00','CUST55419','BRG0010',67,'DUS',6940.3,'IDR','BRND010','SLCYL'),
	('EPM','CAB03','IN6028','2022-01-23 00:00:00','CUST55420','BRG0001',98,'DUS',1169.91,'IDR','BRND001','OGB & PH'),
	('TD','CAB01','IN6163','2022-01-30 00:00:00','CUST55421','BRG0002',5,'DUS',2337.5,'IDR','BRND002','ETIKAL'),
	('TA','CAB01','IN6191','2022-01-31 00:00:00','CUST55422','BRG0003',4,'DUS',10690.6,'IDR','BRND003','MARCKS'),
	('EPM','CAB02','IN6274','2022-02-01 00:00:00','CUST55423','BRG0004',8,'DUS',8700.7,'IDR','BRND004','VNS'),
	('TD','CAB03','IN6003','2022-01-27 00:00:00','CUST55424','BRG0005',9,'DUS',5648.3,'IDR','BRND005','SLCYL'),
	('TA','CAB04','IN6247','2022-01-28 00:00:00','CUST55425','BRG0006',10,'DUS',2819.2,'IDR','BRND006','OGB & PH'),
	('EPM','CAB05','IN6311','2022-01-23 00:00:00','CUST55426','BRG0007',7,'DUS',4592.1,'IDR','BRND007','ETIKAL'),
	('TD','CAB06','IN6248','2022-01-30 00:00:00','CUST55427','BRG0008',100,'DUS',3991.9,'IDR','BRND008','MARCKS'),
	('TD','CAB07','IN6042','2022-01-31 00:00:00','CUST55428','BRG0009',67,'DUS',5780.7,'IDR','BRND009','VNS'),
	('TA','CAB08','IN6133','2022-02-01 00:00:00','CUST55429','BRG0010',78,'DUS',6940.3,'IDR','BRND010','SLCYL'),
	('EPM','CAB09','IN6306','2022-01-27 00:00:00','CUST55430','BRG0001',45,'DUS',1169.91,'IDR','BRND001','OGB & PH'),
	('TD','CAB10','IN6253','2022-01-28 00:00:00','CUST55431','BRG0002',34,'DUS',2337.5,'IDR','BRND002','ETIKAL'),
	('TA','CAB01','IN5980','2022-01-23 00:00:00','CUST55432','BRG0003',20,'DUS',10690.6,'IDR','BRND003','MARCKS'),
	('EPM','CAB01','IN6104','2022-01-30 00:00:00','CUST55433','BRG0004',45,'DUS',8700.7,'IDR','BRND004','VNS'),
	('TD','CAB02','IN6050','2022-01-31 00:00:00','CUST55434','BRG0005',34,'DUS',5648.3,'IDR','BRND005','SLCYL'),
	('TD','CAB03','IN6054','2022-02-01 00:00:00','CUST55435','BRG0006',34,'DUS',2819.2,'IDR','BRND006','OGB & PH'),
	('TA','CAB01','IN6219','2022-01-27 00:00:00','CUST55436','BRG0001',34,'DUS',4592.1,'IDR','BRND007','ETIKAL'),
	('EPM','CAB01','IN6053','2022-01-28 00:00:00','CUST55437','BRG0002',44,'DUS',3991.9,'IDR','BRND008','MARCKS'),
	('TD','CAB02','IN6217','2022-01-23 00:00:00','CUST55438','BRG0003',5,'DUS',5780.7,'IDR','BRND009','VNS'),
	('TA','CAB03','IN6323','2022-01-30 00:00:00','CUST55439','BRG0004',6,'DUS',6940.3,'IDR','BRND010','SLCYL'),
	('EPM','CAB04','IN6241','2022-01-31 00:00:00','CUST55440','BRG0001',79,'DUS',1169.91,'IDR','BRND001','OGB & PH'),
	('TD','CAB05','IN6134','2022-02-01 00:00:00','CUST55441','BRG0002',12,'DUS',2337.5,'IDR','BRND002','ETIKAL'),
	('TA','CAB06','IN6124','2022-01-27 00:00:00','CUST55442','BRG0003',95,'DUS',10690.6,'IDR','BRND003','MARCKS'),
	('EPM','CAB07','IN5981','2022-01-28 00:00:00','CUST55443','BRG0004',76,'DUS',8700.7,'IDR','BRND004','VNS'),
	('TD','CAB08','IN6220','2022-01-23 00:00:00','CUST55444','BRG0005',48,'DUS',5648.3,'IDR','BRND005','SLCYL'),
	('TD','CAB09','IN6122','2022-01-30 00:00:00','CUST55445','BRG0006',21.3041958041958,'DUS',2819.2,'IDR','BRND006','OGB & PH'),
	('TA','CAB10','IN6255','2022-01-31 00:00:00','CUST55446','BRG0007',21.8916083916084,'DUS',4592.1,'IDR','BRND007','ETIKAL'),
	('EPM','CAB01','IN6005','2022-02-01 00:00:00','CUST55447','BRG0008',12.493006993007,'DUS',3991.9,'IDR','BRND008','MARCKS'),
	('TD','CAB01','IN6327','2022-01-27 00:00:00','CUST55448','BRG0009',25,'DUS',5780.7,'IDR','BRND009','VNS'),
	('TA','CAB02','IN6119','2022-01-28 00:00:00','CUST55449','BRG0010',13.6678321678322,'DUS',6940.3,'IDR','BRND010','SLCYL'),
	('EPM','CAB03','IN6233','2022-01-23 00:00:00','CUST55450','BRG0001',24.2412587412587,'DUS',1169.91,'IDR','BRND001','OGB & PH'),
	('TD','CAB01','IN6235','2022-01-30 00:00:00','CUST55451','BRG0002',10,'DUS',2337.5,'IDR','BRND002','ETIKAL'),
	('TA','CAB01','IN6263','2022-01-31 00:00:00','CUST55452','BRG0003',130,'DUS',10690.6,'IDR','BRND003','MARCKS'),
	('EPM','CAB02','IN6269','2022-02-01 00:00:00','CUST55453','BRG0004',12,'DUS',8700.7,'IDR','BRND004','VNS'),
	('TD','CAB03','IN6188','2022-01-27 00:00:00','CUST55454','BRG0005',10,'DUS',5648.3,'IDR','BRND005','SLCYL'),
	('TD','CAB04','IN6116','2022-01-28 00:00:00','CUST55455','BRG0006',67,'DUS',2819.2,'IDR','BRND006','OGB & PH'),
	('TA','CAB05','IN6216','2022-01-23 00:00:00','CUST55456','BRG0007',98,'DUS',4592.1,'IDR','BRND007','ETIKAL'),
	('EPM','CAB06','IN6099','2022-01-30 00:00:00','CUST55457','BRG0008',5,'DUS',3991.9,'IDR','BRND008','MARCKS'),
	('TD','CAB07','IN6326','2022-01-31 00:00:00','CUST55458','BRG0009',4,'DUS',5780.7,'IDR','BRND009','VNS'),
	('TA','CAB08','IN6267','2022-02-01 00:00:00','CUST55459','BRG0010',8,'DUS',6940.3,'IDR','BRND010','SLCYL'),
	('EPM','CAB09','IN6238','2022-01-27 00:00:00','CUST55460','BRG0001',9,'DUS',1169.91,'IDR','BRND001','OGB & PH'),
	('TD','CAB10','IN6214','2022-01-28 00:00:00','CUST55461','BRG0002',21.3041958041958,'DUS',2337.5,'IDR','BRND002','ETIKAL'),
	('TD','CAB01','IN6318','2022-01-23 00:00:00','CUST55462','BRG0003',21.8916083916084,'DUS',10690.6,'IDR','BRND003','MARCKS'),
	('TA','CAB01','IN6256','2022-01-30 00:00:00','CUST55463','BRG0004',12.493006993007,'DUS',8700.7,'IDR','BRND004','VNS'),
	('EPM','CAB02','IN6048','2022-01-31 00:00:00','CUST55464','BRG0005',25,'DUS',5648.3,'IDR','BRND005','SLCYL'),
	('TD','CAB03','IN6120','2022-02-01 00:00:00','CUST55465','BRG0006',13.6678321678322,'DUS',2819.2,'IDR','BRND006','OGB & PH'),
	('TA','CAB01','IN6161','2022-01-27 00:00:00','CUST55466','BRG0001',24.2412587412587,'DUS',4592.1,'IDR','BRND007','ETIKAL'),
	('EPM','CAB01','IN6292','2022-01-28 00:00:00','CUST55467','BRG0002',10,'DUS',3991.9,'IDR','BRND008','MARCKS'),
	('TD','CAB02','IN6286','2022-01-23 00:00:00','CUST55468','BRG0003',120,'DUS',5780.7,'IDR','BRND009','VNS'),
	('TA','CAB03','IN6008','2022-01-30 00:00:00','CUST55469','BRG0004',12,'DUS',6940.3,'IDR','BRND010','SLCYL'),
	('EPM','CAB04','IN6040','2022-01-31 00:00:00','CUST55470','BRG0001',10,'DUS',1169.91,'IDR','BRND001','OGB & PH'),
	('TD','CAB05','IN6084','2022-02-01 00:00:00','CUST55471','BRG0002',67,'DUS',2337.5,'IDR','BRND002','ETIKAL'),
	('TD','CAB06','IN6074','2022-01-27 00:00:00','CUST55472','BRG0003',98,'DUS',10690.6,'IDR','BRND003','MARCKS'),
	('TA','CAB07','IN6200','2022-01-28 00:00:00','CUST55473','BRG0004',5,'DUS',8700.7,'IDR','BRND004','VNS'),
	('EPM','CAB08','IN6065','2022-01-23 00:00:00','CUST55474','BRG0005',4,'DUS',5648.3,'IDR','BRND005','SLCYL'),
	('TD','CAB09','IN6208','2022-01-30 00:00:00','CUST55475','BRG0006',8,'DUS',2819.2,'IDR','BRND006','OGB & PH'),
	('TA','CAB10','IN6148','2022-01-31 00:00:00','CUST55476','BRG0007',9,'DUS',4592.1,'IDR','BRND007','ETIKAL'),
	('EPM','CAB01','IN6072','2022-02-01 00:00:00','CUST55477','BRG0008',1,'DUS',3991.9,'IDR','BRND008','MARCKS'),
	('TD','CAB01','IN6095','2022-01-27 00:00:00','CUST55478','BRG0009',5,'DUS',5780.7,'IDR','BRND009','VNS'),
	('TA','CAB02','IN6049','2022-01-28 00:00:00','CUST55479','BRG0010',9,'DUS',6940.3,'IDR','BRND010','SLCYL'),
	('EPM','CAB03','IN6039','2022-01-23 00:00:00','CUST55480','BRG0001',13,'DUS',1169.91,'IDR','BRND001','OGB & PH'),
	('TD','CAB01','IN6276','2022-01-30 00:00:00','CUST55481','BRG0002',1,'DUS',2337.5,'IDR','BRND002','ETIKAL'),
	('TD','CAB01','IN6015','2022-01-31 00:00:00','CUST55482','BRG0003',5,'DUS',10690.6,'IDR','BRND003','MARCKS'),
	('TA','CAB02','IN6185','2022-02-01 00:00:00','CUST55483','BRG0004',9,'DUS',8700.7,'IDR','BRND004','VNS'),
	('EPM','CAB03','IN6258','2022-01-27 00:00:00','CUST55484','BRG0005',1,'DUS',5648.3,'IDR','BRND005','SLCYL'),
	('TD','CAB04','IN6070','2022-01-28 00:00:00','CUST55485','BRG0006',23,'DUS',2819.2,'IDR','BRND006','OGB & PH'),
	('TA','CAB05','IN6210','2022-01-23 00:00:00','CUST55486','BRG0007',4,'DUS',4592.1,'IDR','BRND007','ETIKAL'),
	('EPM','CAB06','IN6083','2022-01-30 00:00:00','CUST55487','BRG0008',2,'DUS',3991.9,'IDR','BRND008','MARCKS'),
	('TD','CAB07','IN6322','2022-01-31 00:00:00','CUST55488','BRG0009',17,'DUS',5780.7,'IDR','BRND009','VNS'),
	('TD','CAB08','IN6291','2022-02-01 00:00:00','CUST55489','BRG0010',11.3181818181818,'DUS',6940.3,'IDR','BRND010','SLCYL'),
	('TA','CAB09','IN6062','2022-01-27 00:00:00','CUST55490','BRG0001',11.9055944055944,'DUS',1169.91,'IDR','BRND001','OGB & PH'),
	('EPM','CAB10','IN6167','2022-01-28 00:00:00','CUST55491','BRG0002',12.493006993007,'DUS',2337.5,'IDR','BRND002','ETIKAL'),
	('TD','CAB01','IN6289','2022-01-23 00:00:00','CUST55492','BRG0003',25,'DUS',10690.6,'IDR','BRND003','MARCKS'),
	('TA','CAB01','IN6305','2022-01-30 00:00:00','CUST55493','BRG0004',13.6678321678322,'DUS',8700.7,'IDR','BRND004','VNS'),
	('EPM','CAB02','IN6079','2022-01-31 00:00:00','CUST55494','BRG0005',34,'DUS',5648.3,'IDR','BRND005','SLCYL'),
	('TD','CAB03','IN6320','2022-02-01 00:00:00','CUST55495','BRG0006',67,'DUS',2819.2,'IDR','BRND006','OGB & PH'),
	('TA','CAB01','IN6103','2022-01-27 00:00:00','CUST55496','BRG0001',15.4300699300699,'DUS',4592.1,'IDR','BRND007','ETIKAL'),
	('EPM','CAB01','IN6172','2022-01-28 00:00:00','CUST55497','BRG0002',12.493006993007,'DUS',3991.9,'IDR','BRND008','MARCKS'),
	('TD','CAB02','IN6183','2022-01-23 00:00:00','CUST55498','BRG0003',25,'DUS',5780.7,'IDR','BRND009','VNS'),
	('TD','CAB03','IN6278','2022-01-30 00:00:00','CUST55499','BRG0004',13.6678321678322,'DUS',6940.3,'IDR','BRND010','SLCYL'),
	('TA','CAB04','IN6186','2022-01-31 00:00:00','CUST55500','BRG0001',17.7797202797203,'DUS',1169.91,'IDR','BRND001','OGB & PH'),
	('EPM','CAB05','IN6211','2022-02-01 00:00:00','CUST55501','BRG0002',18.3671328671329,'DUS',2337.5,'IDR','BRND002','ETIKAL'),
	('TD','CAB06','IN6118','2022-01-27 00:00:00','CUST55502','BRG0003',18.9545454545454,'DUS',10690.6,'IDR','BRND003','MARCKS'),
	('TA','CAB07','IN6162','2022-01-28 00:00:00','CUST55503','BRG0004',12.493006993007,'DUS',8700.7,'IDR','BRND004','VNS'),
	('EPM','CAB08','IN6221','2022-01-23 00:00:00','CUST55504','BRG0005',25,'DUS',5648.3,'IDR','BRND005','SLCYL'),
	('TD','CAB09','IN6170','2022-01-30 00:00:00','CUST55505','BRG0006',13.6678321678322,'DUS',2819.2,'IDR','BRND006','OGB & PH'),
	('TA','CAB10','IN6045','2022-01-31 00:00:00','CUST55506','BRG0007',21.3041958041958,'DUS',4592.1,'IDR','BRND007','ETIKAL'),
	('EPM','CAB01','IN6300','2022-02-01 00:00:00','CUST55507','BRG0008',21.8916083916084,'DUS',3991.9,'IDR','BRND008','MARCKS'),
	('TD','CAB01','IN6228','2022-01-27 00:00:00','CUST55508','BRG0009',12.493006993007,'DUS',5780.7,'IDR','BRND009','VNS'),
	('TD','CAB02','IN6199','2022-01-28 00:00:00','CUST55509','BRG0010',25,'DUS',6940.3,'IDR','BRND010','SLCYL'),
	('TA','CAB03','IN6215','2022-01-23 00:00:00','CUST55510','BRG0001',13.6678321678322,'DUS',1169.91,'IDR','BRND001','OGB & PH'),
	('EPM','CAB01','IN6107','2022-01-30 00:00:00','CUST55511','BRG0002',24.2412587412587,'DUS',2337.5,'IDR','BRND002','ETIKAL'),
	('TD','CAB01','IN6152','2022-01-31 00:00:00','CUST55512','BRG0003',10,'DUS',10690.6,'IDR','BRND003','MARCKS'),
	('TA','CAB02','IN6017','2022-02-01 00:00:00','CUST55513','BRG0004',23,'DUS',8700.7,'IDR','BRND004','VNS'),
	('EPM','CAB03','IN6299','2022-01-27 00:00:00','CUST55514','BRG0005',12,'DUS',5648.3,'IDR','BRND005','SLCYL'),
	('TD','CAB04','IN6064','2022-01-28 00:00:00','CUST55515','BRG0006',10,'DUS',2819.2,'IDR','BRND006','OGB & PH'),
	('TD','CAB05','IN6308','2022-01-23 00:00:00','CUST55516','BRG0007',67,'DUS',4592.1,'IDR','BRND007','ETIKAL'),
	('TA','CAB06','IN6038','2022-01-30 00:00:00','CUST55517','BRG0008',98,'DUS',3991.9,'IDR','BRND008','MARCKS'),
	('EPM','CAB07','IN6130','2022-01-31 00:00:00','CUST55518','BRG0009',5,'DUS',5780.7,'IDR','BRND009','VNS'),
	('TD','CAB08','IN6293','2022-02-01 00:00:00','CUST55519','BRG0010',4,'DUS',6940.3,'IDR','BRND010','SLCYL'),
	('TA','CAB09','IN6205','2022-01-27 00:00:00','CUST55520','BRG0001',8,'DUS',1169.91,'IDR','BRND001','OGB & PH'),
	('EPM','CAB10','IN6325','2022-01-28 00:00:00','CUST55521','BRG0002',9,'DUS',2337.5,'IDR','BRND002','ETIKAL'),
	('TD','CAB01','IN6317','2022-01-23 00:00:00','CUST55522','BRG0003',10,'DUS',10690.6,'IDR','BRND003','MARCKS'),
	('TA','CAB01','IN6025','2022-01-30 00:00:00','CUST55523','BRG0004',7,'DUS',8700.7,'IDR','BRND004','VNS'),
	('EPM','CAB02','IN6203','2022-01-31 00:00:00','CUST55524','BRG0005',100,'DUS',5648.3,'IDR','BRND005','SLCYL'),
	('TD','CAB03','IN6243','2022-02-01 00:00:00','CUST55525','BRG0006',67,'DUS',2819.2,'IDR','BRND006','OGB & PH'),
	('TD','CAB01','IN6136','2022-01-27 00:00:00','CUST55526','BRG0001',78,'DUS',4592.1,'IDR','BRND007','ETIKAL'),
	('TA','CAB01','IN6314','2022-01-28 00:00:00','CUST55527','BRG0002',45,'DUS',3991.9,'IDR','BRND008','MARCKS'),
	('EPM','CAB02','IN6202','2022-01-23 00:00:00','CUST55528','BRG0003',34,'DUS',5780.7,'IDR','BRND009','VNS'),
	('TD','CAB03','IN6279','2022-01-30 00:00:00','CUST55529','BRG0004',20,'DUS',6940.3,'IDR','BRND010','SLCYL'),
	('TA','CAB04','IN6196','2022-01-31 00:00:00','CUST55530','BRG0001',45,'DUS',1169.91,'IDR','BRND001','OGB & PH'),
	('EPM','CAB05','IN6266','2022-02-01 00:00:00','CUST55531','BRG0002',34,'DUS',2337.5,'IDR','BRND002','ETIKAL'),
	('TD','CAB06','IN6058','2022-01-27 00:00:00','CUST55532','BRG0003',34,'DUS',10690.6,'IDR','BRND003','MARCKS'),
	('TA','CAB07','IN6246','2022-01-28 00:00:00','CUST55533','BRG0004',34,'DUS',8700.7,'IDR','BRND004','VNS'),
	('EPM','CAB08','IN6242','2022-01-23 00:00:00','CUST55534','BRG0005',44,'DUS',5648.3,'IDR','BRND005','SLCYL'),
	('TD','CAB09','IN5982','2022-01-30 00:00:00','CUST55535','BRG0006',5,'DUS',2819.2,'IDR','BRND006','OGB & PH'),
	('TD','CAB10','IN6068','2022-01-31 00:00:00','CUST55536','BRG0007',6,'DUS',4592.1,'IDR','BRND007','ETIKAL'),
	('TA','CAB01','IN6128','2022-02-01 00:00:00','CUST55537','BRG0008',79,'DUS',3991.9,'IDR','BRND008','MARCKS'),
	('EPM','CAB01','IN6066','2022-01-27 00:00:00','CUST55538','BRG0009',12,'DUS',5780.7,'IDR','BRND009','VNS'),
	('TD','CAB02','IN6303','2022-01-28 00:00:00','CUST55539','BRG0010',95,'DUS',6940.3,'IDR','BRND010','SLCYL'),
	('TA','CAB03','IN6284','2022-01-23 00:00:00','CUST55540','BRG0001',76,'DUS',1169.91,'IDR','BRND001','OGB & PH'),
	('EPM','CAB01','IN6240','2022-01-30 00:00:00','CUST55541','BRG0002',48,'DUS',2337.5,'IDR','BRND002','ETIKAL'),
	('TD','CAB01','IN6244','2022-01-31 00:00:00','CUST55542','BRG0003',21.3041958041958,'DUS',10690.6,'IDR','BRND003','MARCKS'),
	('TD','CAB02','IN6060','2022-02-01 00:00:00','CUST55543','BRG0004',21.8916083916084,'DUS',8700.7,'IDR','BRND004','VNS'),
	('TA','CAB03','IN6254','2022-02-02 00:00:00','CUST55544','BRG0005',12.493006993007,'DUS',5648.3,'IDR','BRND005','SLCYL'),
	('EPM','CAB04','IN6171','2022-02-03 00:00:00','CUST55545','BRG0006',25,'DUS',2819.2,'IDR','BRND006','OGB & PH'),
	('TD','CAB05','IN6002','2022-02-04 00:00:00','CUST55546','BRG0007',13.6678321678322,'DUS',4592.1,'IDR','BRND007','ETIKAL'),
	('TA','CAB06','IN6261','2022-02-05 00:00:00','CUST55547','BRG0008',24.2412587412587,'DUS',3991.9,'IDR','BRND008','MARCKS'),
	('EPM','CAB07','IN6088','2022-02-06 00:00:00','CUST55548','BRG0009',10,'DUS',5780.7,'IDR','BRND009','VNS'),
	('TD','CAB08','IN6181','2022-02-07 00:00:00','CUST55549','BRG0010',130,'DUS',6940.3,'IDR','BRND010','SLCYL'),
	('TA','CAB09','IN6135','2022-02-08 00:00:00','CUST55550','BRG0001',12,'DUS',1169.91,'IDR','BRND001','OGB & PH'),
	('EPM','CAB10','IN5988','2022-02-09 00:00:00','CUST55551','BRG0002',10,'DUS',2337.5,'IDR','BRND002','ETIKAL'),
	('TD','CAB01','IN6234','2022-02-10 00:00:00','CUST55552','BRG0003',67,'DUS',10690.6,'IDR','BRND003','MARCKS'),
	('TD','CAB01','IN6319','2022-02-11 00:00:00','CUST55553','BRG0004',98,'DUS',8700.7,'IDR','BRND004','VNS'),
	('TA','CAB02','IN6006','2022-02-12 00:00:00','CUST55554','BRG0005',5,'DUS',5648.3,'IDR','BRND005','SLCYL'),
	('EPM','CAB03','IN6147','2022-02-13 00:00:00','CUST55555','BRG0006',4,'DUS',2819.2,'IDR','BRND006','OGB & PH'),
	('TD','CAB01','IN6129','2022-02-14 00:00:00','CUST55556','BRG0001',8,'DUS',4592.1,'IDR','BRND007','ETIKAL'),
	('TA','CAB01','IN5986','2022-02-15 00:00:00','CUST55557','BRG0002',9,'DUS',3991.9,'IDR','BRND008','MARCKS'),
	('EPM','CAB02','IN6026','2022-02-16 00:00:00','CUST55558','BRG0003',21.3041958041958,'DUS',5780.7,'IDR','BRND009','VNS'),
	('TD','CAB03','IN6224','2022-02-17 00:00:00','CUST55559','BRG0004',21.8916083916084,'DUS',6940.3,'IDR','BRND010','SLCYL'),
	('TA','CAB04','IN6087','2022-02-18 00:00:00','CUST55560','BRG0001',12.493006993007,'DUS',1169.91,'IDR','BRND001','OGB & PH'),
	('EPM','CAB05','IN6096','2022-02-19 00:00:00','CUST55561','BRG0002',25,'DUS',2337.5,'IDR','BRND002','ETIKAL'),
	('TD','CAB06','IN6034','2022-02-20 00:00:00','CUST55562','BRG0003',13.6678321678322,'DUS',10690.6,'IDR','BRND003','MARCKS'),
	('TD','CAB07','IN6231','2022-02-21 00:00:00','CUST55563','BRG0004',24.2412587412587,'DUS',8700.7,'IDR','BRND004','VNS'),
	('TA','CAB08','IN6260','2022-02-22 00:00:00','CUST55564','BRG0005',10,'DUS',5648.3,'IDR','BRND005','SLCYL'),
	('EPM','CAB09','IN6302','2022-02-23 00:00:00','CUST55565','BRG0006',120,'DUS',2819.2,'IDR','BRND006','OGB & PH'),
	('TD','CAB10','IN6061','2022-02-24 00:00:00','CUST55566','BRG0007',12,'DUS',4592.1,'IDR','BRND007','ETIKAL'),
	('TA','CAB01','IN6011','2022-02-25 00:00:00','CUST55567','BRG0008',10,'DUS',3991.9,'IDR','BRND008','MARCKS'),
	('EPM','CAB01','IN6275','2022-02-26 00:00:00','CUST55568','BRG0009',67,'DUS',5780.7,'IDR','BRND009','VNS'),
	('TD','CAB02','IN6114','2022-02-27 00:00:00','CUST55569','BRG0010',98,'DUS',6940.3,'IDR','BRND010','SLCYL'),
	('TD','CAB03','IN6041','2022-02-28 00:00:00','CUST55570','BRG0001',5,'DUS',1169.91,'IDR','BRND001','OGB & PH'),
	('TA','CAB01','IN6069','2022-03-01 00:00:00','CUST55571','BRG0002',4,'DUS',2337.5,'IDR','BRND002','ETIKAL'),
	('EPM','CAB01','IN6239','2022-03-02 00:00:00','CUST55572','BRG0003',8,'DUS',10690.6,'IDR','BRND003','MARCKS'),
	('TD','CAB02','IN6137','2022-03-03 00:00:00','CUST55573','BRG0004',9,'DUS',8700.7,'IDR','BRND004','VNS'),
	('TA','CAB03','IN6189','2022-03-04 00:00:00','CUST55574','BRG0005',1,'DUS',5648.3,'IDR','BRND005','SLCYL'),
	('EPM','CAB04','IN6229','2022-03-05 00:00:00','CUST55575','BRG0006',5,'DUS',2819.2,'IDR','BRND006','OGB & PH'),
	('TD','CAB05','IN6110','2022-03-06 00:00:00','CUST55576','BRG0007',9,'DUS',4592.1,'IDR','BRND007','ETIKAL'),
	('TA','CAB06','IN6182','2022-03-07 00:00:00','CUST55577','BRG0008',13,'DUS',3991.9,'IDR','BRND008','MARCKS'),
	('EPM','CAB07','IN6164','2022-03-08 00:00:00','CUST55578','BRG0009',1,'DUS',5780.7,'IDR','BRND009','VNS'),
	('TD','CAB08','IN6016','2022-03-09 00:00:00','CUST55579','BRG0010',5,'DUS',6940.3,'IDR','BRND010','SLCYL'),
	('TD','CAB09','IN6043','2022-03-10 00:00:00','CUST55580','BRG0001',9,'DUS',1169.91,'IDR','BRND001','OGB & PH'),
	('TA','CAB10','IN6020','2022-03-11 00:00:00','CUST55581','BRG0002',1,'DUS',2337.5,'IDR','BRND002','ETIKAL'),
	('EPM','CAB01','IN6206','2022-03-12 00:00:00','CUST55582','BRG0003',23,'DUS',10690.6,'IDR','BRND003','MARCKS'),
	('TD','CAB01','IN6055','2022-03-13 00:00:00','CUST55583','BRG0004',4,'DUS',8700.7,'IDR','BRND004','VNS'),
	('TA','CAB02','IN6092','2022-03-14 00:00:00','CUST55584','BRG0005',2,'DUS',5648.3,'IDR','BRND005','SLCYL'),
	('EPM','CAB03','IN6177','2022-03-15 00:00:00','CUST55585','BRG0006',17,'DUS',2819.2,'IDR','BRND006','OGB & PH'),
	('TD','CAB01','IN6209','2022-03-16 00:00:00','CUST55586','BRG0001',11.3181818181818,'DUS',4592.1,'IDR','BRND007','ETIKAL'),
	('TA','CAB01','IN6250','2022-03-17 00:00:00','CUST55587','BRG0002',11.9055944055944,'DUS',3991.9,'IDR','BRND008','MARCKS'),
	('EPM','CAB02','IN6193','2022-03-18 00:00:00','CUST55588','BRG0003',12.493006993007,'DUS',5780.7,'IDR','BRND009','VNS'),
	('TD','CAB03','IN6081','2022-03-19 00:00:00','CUST55589','BRG0004',25,'DUS',6940.3,'IDR','BRND010','SLCYL'),
	('TD','CAB04','IN6149','2022-03-20 00:00:00','CUST55590','BRG0001',13.6678321678322,'DUS',1169.91,'IDR','BRND001','OGB & PH'),
	('TA','CAB05','IN6014','2022-03-21 00:00:00','CUST55591','BRG0002',34,'DUS',2337.5,'IDR','BRND002','ETIKAL'),
	('EPM','CAB06','IN6290','2022-03-22 00:00:00','CUST55592','BRG0003',67,'DUS',10690.6,'IDR','BRND003','MARCKS'),
	('TD','CAB07','IN6051','2022-03-23 00:00:00','CUST55593','BRG0004',15.4300699300699,'DUS',8700.7,'IDR','BRND004','VNS'),
	('TA','CAB08','IN6076','2022-03-24 00:00:00','CUST55594','BRG0005',12.493006993007,'DUS',5648.3,'IDR','BRND005','SLCYL'),
	('EPM','CAB09','IN6140','2022-03-25 00:00:00','CUST55595','BRG0006',25,'DUS',2819.2,'IDR','BRND006','OGB & PH'),
	('TD','CAB10','IN6080','2022-03-26 00:00:00','CUST55596','BRG0007',13.6678321678322,'DUS',4592.1,'IDR','BRND007','ETIKAL'),
	('TD','CAB01','IN6153','2022-03-27 00:00:00','CUST55597','BRG0008',17.7797202797203,'DUS',3991.9,'IDR','BRND008','MARCKS'),
	('TA','CAB01','IN5979','2022-03-28 00:00:00','CUST55598','BRG0009',18.3671328671329,'DUS',5780.7,'IDR','BRND009','VNS'),
	('EPM','CAB02','IN6098','2022-03-29 00:00:00','CUST55599','BRG0010',18.9545454545454,'DUS',6940.3,'IDR','BRND010','SLCYL'),
	('TD','CAB03','IN6078','2022-03-30 00:00:00','CUST55600','BRG0001',12.493006993007,'DUS',1169.91,'IDR','BRND001','OGB & PH'),
	('TA','CAB01','IN6085','2022-03-31 00:00:00','CUST55601','BRG0002',25,'DUS',2337.5,'IDR','BRND002','ETIKAL'),
	('EPM','CAB01','IN6018','2022-04-01 00:00:00','CUST55602','BRG0003',13.6678321678322,'DUS',10690.6,'IDR','BRND003','MARCKS'),
	('TD','CAB02','IN6001','2022-04-02 00:00:00','CUST55603','BRG0004',21.3041958041958,'DUS',8700.7,'IDR','BRND004','VNS'),
	('TA','CAB03','IN6271','2022-04-03 00:00:00','CUST55604','BRG0005',21.8916083916084,'DUS',5648.3,'IDR','BRND005','SLCYL'),
	('EPM','CAB04','IN6207','2022-04-04 00:00:00','CUST55605','BRG0006',12.493006993007,'DUS',2819.2,'IDR','BRND006','OGB & PH'),
	('TD','CAB05','IN6187','2022-04-05 00:00:00','CUST55606','BRG0007',25,'DUS',4592.1,'IDR','BRND007','ETIKAL'),
	('TD','CAB06','IN5995','2022-04-06 00:00:00','CUST55607','BRG0008',13.6678321678322,'DUS',3991.9,'IDR','BRND008','MARCKS'),
	('TA','CAB07','IN6156','2022-04-07 00:00:00','CUST55608','BRG0009',24.2412587412587,'DUS',5780.7,'IDR','BRND009','VNS'),
	('EPM','CAB08','IN6232','2022-04-08 00:00:00','CUST55609','BRG0010',10,'DUS',6940.3,'IDR','BRND010','SLCYL'),
	('TD','CAB09','IN5998','2022-04-09 00:00:00','CUST55610','BRG0001',23,'DUS',1169.91,'IDR','BRND001','OGB & PH'),
	('TA','CAB10','IN6227','2022-04-10 00:00:00','CUST55611','BRG0002',12,'DUS',2337.5,'IDR','BRND002','ETIKAL'),
	('EPM','CAB01','IN6027','2022-04-11 00:00:00','CUST55612','BRG0003',10,'DUS',10690.6,'IDR','BRND003','MARCKS'),
	('TD','CAB01','IN6157','2022-04-12 00:00:00','CUST55613','BRG0004',67,'DUS',8700.7,'IDR','BRND004','VNS'),
	('TA','CAB02','IN6180','2022-04-13 00:00:00','CUST55614','BRG0005',98,'DUS',5648.3,'IDR','BRND005','SLCYL'),
	('EPM','CAB03','IN6257','2022-04-14 00:00:00','CUST55615','BRG0006',5,'DUS',2819.2,'IDR','BRND006','OGB & PH'),
	('TD','CAB01','IN6031','2022-04-15 00:00:00','CUST55616','BRG0001',4,'DUS',4592.1,'IDR','BRND007','ETIKAL'),
	('TD','CAB01','IN6082','2022-04-16 00:00:00','CUST55617','BRG0002',8,'DUS',3991.9,'IDR','BRND008','MARCKS'),
	('TA','CAB02','IN6174','2022-04-17 00:00:00','CUST55618','BRG0003',9,'DUS',5780.7,'IDR','BRND009','VNS'),
	('EPM','CAB03','IN6237','2022-04-18 00:00:00','CUST55619','BRG0004',10,'DUS',6940.3,'IDR','BRND010','SLCYL'),
	('TD','CAB04','IN6021','2022-04-19 00:00:00','CUST55620','BRG0001',7,'DUS',1169.91,'IDR','BRND001','OGB & PH'),
	('TA','CAB05','IN6056','2022-04-20 00:00:00','CUST55621','BRG0002',100,'DUS',2337.5,'IDR','BRND002','ETIKAL'),
	('EPM','CAB06','IN5983','2022-04-21 00:00:00','CUST55622','BRG0003',67,'DUS',10690.6,'IDR','BRND003','MARCKS'),
	('TD','CAB07','IN6139','2022-04-22 00:00:00','CUST55623','BRG0004',78,'DUS',8700.7,'IDR','BRND004','VNS'),
	('TD','CAB08','IN6126','2022-04-23 00:00:00','CUST55624','BRG0005',45,'DUS',5648.3,'IDR','BRND005','SLCYL'),
	('TA','CAB09','IN6127','2022-04-24 00:00:00','CUST55625','BRG0006',34,'DUS',2819.2,'IDR','BRND006','OGB & PH'),
	('EPM','CAB10','IN6035','2022-04-25 00:00:00','CUST55626','BRG0007',20,'DUS',4592.1,'IDR','BRND007','ETIKAL'),
	('TD','CAB01','IN6309','2022-04-26 00:00:00','CUST55627','BRG0008',45,'DUS',3991.9,'IDR','BRND008','MARCKS'),
	('TA','CAB01','IN6073','2022-04-27 00:00:00','CUST55628','BRG0009',34,'DUS',5780.7,'IDR','BRND009','VNS'),
	('EPM','CAB02','IN6277','2022-04-28 00:00:00','CUST55629','BRG0010',34,'DUS',6940.3,'IDR','BRND010','SLCYL');
INSERT INTO penjualan VALUES ('TD','CAB03','IN6197','2022-04-29 00:00:00','CUST55630','BRG0001',34,'DUS',1169.91,'IDR','BRND001','OGB & PH'),
	('TA','CAB01','IN6225','2022-04-30 00:00:00','CUST55631','BRG0002',44,'DUS',2337.5,'IDR','BRND002','ETIKAL'),
	('EPM','CAB01','IN5999','2022-05-01 00:00:00','CUST55632','BRG0003',5,'DUS',10690.6,'IDR','BRND003','MARCKS'),
	('TD','CAB02','IN6223','2022-05-02 00:00:00','CUST55633','BRG0004',6,'DUS',8700.7,'IDR','BRND004','VNS'),
	('TD','CAB03','IN6273','2022-05-03 00:00:00','CUST55634','BRG0005',79,'DUS',5648.3,'IDR','BRND005','SLCYL'),
	('TA','CAB04','IN6047','2022-04-26 00:00:00','CUST55635','BRG0006',12,'DUS',2819.2,'IDR','BRND006','OGB & PH'),
	('EPM','CAB05','IN6071','2022-04-27 00:00:00','CUST55636','BRG0007',95,'DUS',4592.1,'IDR','BRND007','ETIKAL'),
	('TD','CAB06','IN6009','2022-04-28 00:00:00','CUST55637','BRG0008',76,'DUS',3991.9,'IDR','BRND008','MARCKS'),
	('TA','CAB07','IN6075','2022-04-16 00:00:00','CUST55638','BRG0009',48,'DUS',5780.7,'IDR','BRND009','VNS'),
	('EPM','CAB08','IN6218','2022-04-17 00:00:00','CUST55639','BRG0010',21.3041958041958,'DUS',6940.3,'IDR','BRND010','SLCYL'),
	('TD','CAB09','IN5985','2022-04-18 00:00:00','CUST55640','BRG0001',21.8916083916084,'DUS',1169.91,'IDR','BRND001','OGB & PH'),
	('TA','CAB10','IN6154','2022-04-19 00:00:00','CUST55641','BRG0002',12.493006993007,'DUS',2337.5,'IDR','BRND002','ETIKAL'),
	('EPM','CAB01','IN6145','2022-04-20 00:00:00','CUST55642','BRG0003',25,'DUS',10690.6,'IDR','BRND003','MARCKS'),
	('TD','CAB01','IN6315','2022-04-21 00:00:00','CUST55643','BRG0004',13.6678321678322,'DUS',8700.7,'IDR','BRND004','VNS'),
	('TD','CAB02','IN6168','2022-05-13 00:00:00','CUST55644','BRG0005',24.2412587412587,'DUS',5648.3,'IDR','BRND005','SLCYL'),
	('TA','CAB03','IN6192','2022-05-14 00:00:00','CUST55645','BRG0006',10,'DUS',2819.2,'IDR','BRND006','OGB & PH'),
	('EPM','CAB01','IN6285','2022-05-15 00:00:00','CUST55646','BRG0001',130,'DUS',4592.1,'IDR','BRND007','ETIKAL'),
	('TD','CAB01','IN6077','2022-05-16 00:00:00','CUST55647','BRG0002',12,'DUS',3991.9,'IDR','BRND008','MARCKS'),
	('TA','CAB02','IN6057','2022-05-17 00:00:00','CUST55648','BRG0003',10,'DUS',5780.7,'IDR','BRND009','VNS'),
	('EPM','CAB03','IN6252','2022-05-18 00:00:00','CUST55649','BRG0004',67,'DUS',6940.3,'IDR','BRND010','SLCYL'),
	('TD','CAB04','IN6272','2022-05-19 00:00:00','CUST55650','BRG0001',98,'DUS',1169.91,'IDR','BRND001','OGB & PH'),
	('TD','CAB05','IN6150','2022-05-20 00:00:00','CUST55651','BRG0002',5,'DUS',2337.5,'IDR','BRND002','ETIKAL'),
	('TA','CAB06','IN6298','2022-05-21 00:00:00','CUST55652','BRG0003',4,'DUS',10690.6,'IDR','BRND003','MARCKS'),
	('EPM','CAB07','IN6295','2022-05-22 00:00:00','CUST55653','BRG0004',8,'DUS',8700.7,'IDR','BRND004','VNS'),
	('TD','CAB08','IN6022','2022-05-23 00:00:00','CUST55654','BRG0005',9,'DUS',5648.3,'IDR','BRND005','SLCYL'),
	('TA','CAB09','IN6090','2022-05-24 00:00:00','CUST55655','BRG0006',21.3041958041958,'DUS',2819.2,'IDR','BRND006','OGB & PH'),
	('EPM','CAB10','IN5996','2022-05-25 00:00:00','CUST55656','BRG0007',21.8916083916084,'DUS',4592.1,'IDR','BRND007','ETIKAL'),
	('TD','CAB01','IN6111','2022-05-26 00:00:00','CUST55657','BRG0008',12.493006993007,'DUS',3991.9,'IDR','BRND008','MARCKS'),
	('TA','CAB01','IN6194','2022-04-18 00:00:00','CUST55658','BRG0009',25,'DUS',5780.7,'IDR','BRND009','VNS'),
	('EPM','CAB02','IN5987','2022-04-19 00:00:00','CUST55659','BRG0010',13.6678321678322,'DUS',6940.3,'IDR','BRND010','SLCYL'),
	('TD','CAB03','IN6313','2022-04-20 00:00:00','CUST55660','BRG0001',24.2412587412587,'DUS',1169.91,'IDR','BRND001','OGB & PH'),
	('TD','CAB01','IN6138','2022-04-18 00:00:00','CUST55661','BRG0002',10,'DUS',2337.5,'IDR','BRND002','ETIKAL'),
	('TA','CAB01','IN6316','2022-04-19 00:00:00','CUST55662','BRG0003',120,'DUS',10690.6,'IDR','BRND003','MARCKS'),
	('EPM','CAB02','IN6019','2022-04-20 00:00:00','CUST55663','BRG0004',12,'DUS',8700.7,'IDR','BRND004','VNS'),
	('TD','CAB03','IN6283','2022-05-19 00:00:00','CUST55664','BRG0005',10,'DUS',5648.3,'IDR','BRND005','SLCYL'),
	('TA','CAB04','IN6169','2022-05-20 00:00:00','CUST55665','BRG0006',67,'DUS',2819.2,'IDR','BRND006','OGB & PH'),
	('EPM','CAB05','IN6121','2022-05-21 00:00:00','CUST55666','BRG0007',98,'DUS',4592.1,'IDR','BRND007','ETIKAL'),
	('TD','CAB06','IN6117','2022-05-22 00:00:00','CUST55667','BRG0008',5,'DUS',3991.9,'IDR','BRND008','MARCKS'),
	('TA','CAB07','IN6201','2022-05-23 00:00:00','CUST55668','BRG0009',4,'DUS',5780.7,'IDR','BRND009','VNS'),
	('EPM','CAB08','IN6179','2022-05-24 00:00:00','CUST55669','BRG0010',8,'DUS',6940.3,'IDR','BRND010','SLCYL'),
	('TD','CAB09','IN5978','2022-05-25 00:00:00','CUST55670','BRG0001',9,'DUS',1169.91,'IDR','BRND001','OGB & PH'),
	('TD','CAB10','IN5993','2022-05-26 00:00:00','CUST55671','BRG0002',1,'DUS',2337.5,'IDR','BRND002','ETIKAL'),
	('TA','CAB01','IN6160','2022-05-27 00:00:00','CUST55672','BRG0003',5,'DUS',10690.6,'IDR','BRND003','MARCKS'),
	('EPM','CAB01','IN6282','2022-05-28 00:00:00','CUST55673','BRG0004',9,'DUS',8700.7,'IDR','BRND004','VNS'),
	('TD','CAB02','IN6093','2022-05-29 00:00:00','CUST55674','BRG0005',13,'DUS',5648.3,'IDR','BRND005','SLCYL'),
	('TA','CAB03','IN6166','2022-05-30 00:00:00','CUST55675','BRG0006',1,'DUS',2819.2,'IDR','BRND006','OGB & PH'),
	('EPM','CAB01','IN6010','2022-05-31 00:00:00','CUST55676','BRG0001',5,'DUS',4592.1,'IDR','BRND007','ETIKAL'),
	('TD','CAB01','IN6100','2022-06-01 00:00:00','CUST55677','BRG0002',9,'DUS',3991.9,'IDR','BRND008','MARCKS'),
	('TD','CAB02','IN6222','2022-06-02 00:00:00','CUST55678','BRG0003',1,'DUS',5780.7,'IDR','BRND009','VNS'),
	('TA','CAB03','IN6032','2022-06-03 00:00:00','CUST55679','BRG0004',23,'DUS',6940.3,'IDR','BRND010','SLCYL'),
	('EPM','CAB04','IN6198','2022-06-04 00:00:00','CUST55680','BRG0001',4,'DUS',1169.91,'IDR','BRND001','OGB & PH'),
	('TD','CAB05','IN6212','2022-06-05 00:00:00','CUST55681','BRG0002',2,'DUS',2337.5,'IDR','BRND002','ETIKAL'),
	('TA','CAB06','IN6288','2022-06-06 00:00:00','CUST55682','BRG0003',17,'DUS',10690.6,'IDR','BRND003','MARCKS'),
	('EPM','CAB07','IN6059','2022-06-07 00:00:00','CUST55683','BRG0004',11.3181818181818,'DUS',8700.7,'IDR','BRND004','VNS'),
	('TD','CAB08','IN6236','2022-06-08 00:00:00','CUST55684','BRG0005',11.9055944055944,'DUS',5648.3,'IDR','BRND005','SLCYL'),
	('TA','CAB09','IN6296','2022-06-09 00:00:00','CUST55685','BRG0006',12.493006993007,'DUS',2819.2,'IDR','BRND006','OGB & PH'),
	('EPM','CAB10','IN6324','2022-06-10 00:00:00','CUST55686','BRG0007',25,'DUS',4592.1,'IDR','BRND007','ETIKAL'),
	('TD','CAB01','IN6091','2022-06-11 00:00:00','CUST55687','BRG0008',13.6678321678322,'DUS',3991.9,'IDR','BRND008','MARCKS'),
	('TD','CAB01','IN6033','2022-06-12 00:00:00','CUST55688','BRG0009',34,'DUS',5780.7,'IDR','BRND009','VNS'),
	('TA','CAB02','IN6159','2022-06-13 00:00:00','CUST55689','BRG0010',67,'DUS',6940.3,'IDR','BRND010','SLCYL'),
	('EPM','CAB03','IN6264','2022-06-14 00:00:00','CUST55690','BRG0001',15.4300699300699,'DUS',1169.91,'IDR','BRND001','OGB & PH'),
	('TD','CAB01','IN6046','2022-06-15 00:00:00','CUST55691','BRG0002',12.493006993007,'DUS',2337.5,'IDR','BRND002','ETIKAL'),
	('TA','CAB01','IN6268','2022-06-16 00:00:00','CUST55692','BRG0003',25,'DUS',10690.6,'IDR','BRND003','MARCKS'),
	('EPM','CAB02','IN6310','2022-04-30 00:00:00','CUST55693','BRG0004',13.6678321678322,'DUS',8700.7,'IDR','BRND004','VNS'),
	('TD','CAB03','IN6044','2022-05-01 00:00:00','CUST55694','BRG0005',17.7797202797203,'DUS',5648.3,'IDR','BRND005','SLCYL'),
	('TA','CAB04','IN6178','2022-05-02 00:00:00','CUST55695','BRG0006',18.3671328671329,'DUS',2819.2,'IDR','BRND006','OGB & PH'),
	('EPM','CAB05','IN6270','2022-05-03 00:00:00','CUST55696','BRG0007',18.9545454545454,'DUS',4592.1,'IDR','BRND007','ETIKAL'),
	('TD','CAB06','IN6123','2022-06-16 00:00:00','CUST55697','BRG0008',12.493006993007,'DUS',3991.9,'IDR','BRND008','MARCKS'),
	('TD','CAB07','IN6265','2022-04-30 00:00:00','CUST55698','BRG0009',25,'DUS',5780.7,'IDR','BRND009','VNS'),
	('TA','CAB08','IN6158','2022-05-01 00:00:00','CUST55699','BRG0010',13.6678321678322,'DUS',6940.3,'IDR','BRND010','SLCYL'),
	('EPM','CAB09','IN6105','2022-05-02 00:00:00','CUST55700','BRG0001',21.3041958041958,'DUS',1169.91,'IDR','BRND001','OGB & PH'),
	('TD','CAB10','IN6213','2022-05-03 00:00:00','CUST55701','BRG0002',21.8916083916084,'DUS',2337.5,'IDR','BRND002','ETIKAL'),
	('TA','CAB01','IN6109','2022-06-16 00:00:00','CUST55702','BRG0003',12.493006993007,'DUS',10690.6,'IDR','BRND003','MARCKS'),
	('EPM','CAB01','IN6249','2022-04-30 00:00:00','CUST55703','BRG0004',25,'DUS',8700.7,'IDR','BRND004','VNS'),
	('TD','CAB02','IN6067','2022-05-01 00:00:00','CUST55704','BRG0005',13.6678321678322,'DUS',5648.3,'IDR','BRND005','SLCYL'),
	('TD','CAB03','IN6143','2022-05-02 00:00:00','CUST55705','BRG0006',24.2412587412587,'DUS',2819.2,'IDR','BRND006','OGB & PH'),
	('TA','CAB01','IN5990','2022-05-03 00:00:00','CUST55706','BRG0001',10,'DUS',4592.1,'IDR','BRND007','ETIKAL'),
	('EPM','CAB01','IN5992','2022-06-16 00:00:00','CUST55707','BRG0002',23,'DUS',3991.9,'IDR','BRND008','MARCKS'),
	('TD','CAB02','IN6132','2022-04-30 00:00:00','CUST55708','BRG0003',12,'DUS',5780.7,'IDR','BRND009','VNS'),
	('TA','CAB03','IN6030','2022-05-01 00:00:00','CUST55709','BRG0004',10,'DUS',6940.3,'IDR','BRND010','SLCYL'),
	('EPM','CAB04','IN6094','2022-05-02 00:00:00','CUST55710','BRG0001',67,'DUS',1169.91,'IDR','BRND001','OGB & PH'),
	('TD','CAB05','IN6294','2022-05-03 00:00:00','CUST55711','BRG0002',98,'DUS',2337.5,'IDR','BRND002','ETIKAL'),
	('TA','CAB06','IN6012','2022-06-16 00:00:00','CUST55712','BRG0003',5,'DUS',10690.6,'IDR','BRND003','MARCKS'),
	('EPM','CAB07','IN6106','2022-04-30 00:00:00','CUST55713','BRG0004',4,'DUS',8700.7,'IDR','BRND004','VNS'),
	('TD','CAB08','IN5984','2022-05-01 00:00:00','CUST55714','BRG0005',8,'DUS',5648.3,'IDR','BRND005','SLCYL'),
	('TD','CAB09','IN6007','2022-05-02 00:00:00','CUST55715','BRG0006',9,'DUS',2819.2,'IDR','BRND006','OGB & PH'),
	('TA','CAB10','IN6115','2022-05-03 00:00:00','CUST55716','BRG0007',10,'DUS',4592.1,'IDR','BRND007','ETIKAL'),
	('EPM','CAB01','IN6000','2022-06-16 00:00:00','CUST55717','BRG0008',7,'DUS',3991.9,'IDR','BRND008','MARCKS'),
	('TD','CAB01','IN6097','2022-04-30 00:00:00','CUST55718','BRG0009',100,'DUS',5780.7,'IDR','BRND009','VNS'),
	('TA','CAB02','IN5989','2022-05-01 00:00:00','CUST55719','BRG0010',67,'DUS',6940.3,'IDR','BRND010','SLCYL'),
	('EPM','CAB03','IN6151','2022-05-02 00:00:00','CUST55720','BRG0001',78,'DUS',1169.91,'IDR','BRND001','OGB & PH'),
	('TD','CAB01','IN6037','2022-05-03 00:00:00','CUST55721','BRG0002',45,'DUS',2337.5,'IDR','BRND002','ETIKAL'),
	('TA','CAB01','IN6165','2022-06-16 00:00:00','CUST55722','BRG0003',34,'DUS',10690.6,'IDR','BRND003','MARCKS'),
	('EPM','CAB02','IN6101','2022-04-30 00:00:00','CUST55723','BRG0004',20,'DUS',8700.7,'IDR','BRND004','VNS'),
	('TD','CAB03','IN6142','2022-05-01 00:00:00','CUST55724','BRG0005',45,'DUS',5648.3,'IDR','BRND005','SLCYL'),
	('TD','CAB04','IN6312','2022-05-02 00:00:00','CUST55725','BRG0006',34,'DUS',2819.2,'IDR','BRND006','OGB & PH'),
	('TA','CAB05','IN6112','2022-05-03 00:00:00','CUST55726','BRG0007',34,'DUS',4592.1,'IDR','BRND007','ETIKAL'),
	('EPM','CAB06','IN6204','2022-06-16 00:00:00','CUST55727','BRG0008',34,'DUS',3991.9,'IDR','BRND008','MARCKS'),
	('TD','CAB07','IN6304','2022-04-30 00:00:00','CUST55728','BRG0009',44,'DUS',5780.7,'IDR','BRND009','VNS'),
	('TA','CAB08','IN6004','2022-05-01 00:00:00','CUST55729','BRG0010',5,'DUS',6940.3,'IDR','BRND010','SLCYL');

ALTER TABLE `penjualan` ADD PRIMARY KEY(`id_invoice`);


CREATE TABLE IF NOT EXISTS pelanggan (
    `id_customer` VARCHAR(9) CHARACTER SET utf8,
    `level` VARCHAR(7) CHARACTER SET utf8,
    `nama` VARCHAR(17) CHARACTER SET utf8,
    `id_cabang_sales` VARCHAR(5) CHARACTER SET utf8,
    `cabang_sales` VARCHAR(9) CHARACTER SET utf8,
    `id_group` VARCHAR(3) CHARACTER SET utf8,
    `group` VARCHAR(6) CHARACTER SET utf8
);
INSERT INTO pelanggan VALUES ('CUST55380','Company','APOTEK TAPAK','CAB01','Aceh','Z32','Apotek'),
	('CUST55381','Company','APOTEK MAJA','CAB02','Kuningan','Z32','Apotek'),
	('CUST55382','Company','KLINIK GM','CAB03','Jakarta','Z31','Klinik'),
	('CUST55383','Company','APOTEK MERDEKA','CAB04','Bandung','Z32','Apotek'),
	('CUST55384','Company','KLINIK SAHABAT','CAB05','Tangerang','Z31','Klinik'),
	('CUST55385','Company','APOTEK SINAR JAYA','CAB06','Bekasi','Z32','Apotek'),
	('CUST55386','Company','APOTEK SAHABAT','CAB07','Padang','Z32','Apotek'),
	('CUST55387','Company','APOTEK TAPAK','CAB01','Aceh','Z32','Apotek'),
	('CUST55388','Company','APOTEK MAJA','CAB02','Kuningan','Z32','Apotek'),
	('CUST55389','Company','KLINIK GM','CAB03','Jakarta','Z31','Klinik'),
	('CUST55390','Company','APOTEK MERDEKA','CAB04','Bandung','Z32','Apotek'),
	('CUST55391','Company','KLINIK SAHABAT','CAB05','Tangerang','Z31','Klinik'),
	('CUST55392','Company','APOTEK SINAR JAYA','CAB06','Bekasi','Z32','Apotek'),
	('CUST55393','Company','APOTEK SAHABAT','CAB07','Padang','Z32','Apotek'),
	('CUST55394','Company','KLINIK DR. ANDRI','CAB08','Lampung','Z31','Klinik'),
	('CUST55395','Company','APOTEK TAPAK','CAB01','Aceh','Z32','Apotek'),
	('CUST55396','Company','APOTEK MAJA','CAB02','Kuningan','Z32','Apotek'),
	('CUST55397','Company','KLINIK GM','CAB03','Jakarta','Z31','Klinik'),
	('CUST55398','Company','APOTEK MERDEKA','CAB04','Bandung','Z32','Apotek'),
	('CUST55399','Company','KLINIK SAHABAT','CAB05','Tangerang','Z31','Klinik'),
	('CUST55400','Company','APOTEK SINAR JAYA','CAB06','Bekasi','Z32','Apotek'),
	('CUST55401','Company','APOTEK SAHABAT','CAB07','Padang','Z32','Apotek'),
	('CUST55402','Company','APOTEK TAPAK','CAB01','Aceh','Z32','Apotek'),
	('CUST55403','Company','APOTEK MAJA','CAB02','Kuningan','Z32','Apotek'),
	('CUST55404','Company','KLINIK GM','CAB03','Jakarta','Z31','Klinik'),
	('CUST55405','Company','APOTEK MERDEKA','CAB04','Bandung','Z32','Apotek'),
	('CUST55406','Company','KLINIK SAHABAT','CAB05','Tangerang','Z31','Klinik'),
	('CUST55407','Company','APOTEK SINAR JAYA','CAB06','Bekasi','Z32','Apotek'),
	('CUST55408','Company','APOTEK SAHABAT','CAB07','Padang','Z32','Apotek'),
	('CUST55409','Company','KLINIK DR. ANDRI','CAB08','Lampung','Z31','Klinik'),
	('CUST55410','Company','APOTEK TAPAK','CAB01','Aceh','Z32','Apotek'),
	('CUST55411','Company','APOTEK MAJA','CAB02','Kuningan','Z32','Apotek'),
	('CUST55412','Company','KLINIK GM','CAB03','Jakarta','Z31','Klinik'),
	('CUST55413','Company','APOTEK MERDEKA','CAB04','Bandung','Z32','Apotek'),
	('CUST55414','Company','KLINIK SAHABAT','CAB05','Tangerang','Z31','Klinik'),
	('CUST55415','Company','APOTEK SINAR JAYA','CAB06','Bekasi','Z32','Apotek'),
	('CUST55416','Company','APOTEK SAHABAT','CAB07','Padang','Z32','Apotek'),
	('CUST55417','Company','APOTEK TAPAK','CAB01','Aceh','Z32','Apotek'),
	('CUST55418','Company','APOTEK MAJA','CAB02','Kuningan','Z32','Apotek'),
	('CUST55419','Company','KLINIK GM','CAB03','Jakarta','Z31','Klinik'),
	('CUST55420','Company','APOTEK MERDEKA','CAB04','Bandung','Z32','Apotek'),
	('CUST55421','Company','KLINIK SAHABAT','CAB05','Tangerang','Z31','Klinik'),
	('CUST55422','Company','APOTEK SINAR JAYA','CAB06','Bekasi','Z32','Apotek'),
	('CUST55423','Company','APOTEK SAHABAT','CAB07','Padang','Z32','Apotek'),
	('CUST55424','Company','KLINIK DR. ANDRI','CAB08','Lampung','Z31','Klinik'),
	('CUST55425','Company','APOTEK TAPAK','CAB01','Aceh','Z32','Apotek'),
	('CUST55426','Company','APOTEK MAJA','CAB02','Kuningan','Z32','Apotek'),
	('CUST55427','Company','KLINIK GM','CAB03','Jakarta','Z31','Klinik'),
	('CUST55428','Company','APOTEK MERDEKA','CAB04','Bandung','Z32','Apotek'),
	('CUST55429','Company','KLINIK SAHABAT','CAB05','Tangerang','Z31','Klinik'),
	('CUST55430','Company','APOTEK SINAR JAYA','CAB06','Bekasi','Z32','Apotek'),
	('CUST55431','Company','APOTEK SAHABAT','CAB07','Padang','Z32','Apotek'),
	('CUST55432','Company','APOTEK TAPAK','CAB01','Aceh','Z32','Apotek'),
	('CUST55433','Company','APOTEK MAJA','CAB02','Kuningan','Z32','Apotek'),
	('CUST55434','Company','KLINIK GM','CAB03','Jakarta','Z31','Klinik'),
	('CUST55435','Company','APOTEK MERDEKA','CAB04','Bandung','Z32','Apotek'),
	('CUST55436','Company','KLINIK SAHABAT','CAB05','Tangerang','Z31','Klinik'),
	('CUST55437','Company','APOTEK SINAR JAYA','CAB06','Bekasi','Z32','Apotek'),
	('CUST55438','Company','APOTEK SAHABAT','CAB07','Padang','Z32','Apotek'),
	('CUST55439','Company','KLINIK DR. ANDRI','CAB08','Lampung','Z31','Klinik'),
	('CUST55440','Company','APOTEK TAPAK','CAB01','Aceh','Z32','Apotek'),
	('CUST55441','Company','APOTEK MAJA','CAB02','Kuningan','Z32','Apotek'),
	('CUST55442','Company','KLINIK GM','CAB03','Jakarta','Z31','Klinik'),
	('CUST55443','Company','APOTEK MERDEKA','CAB04','Bandung','Z32','Apotek'),
	('CUST55444','Company','KLINIK SAHABAT','CAB05','Tangerang','Z31','Klinik'),
	('CUST55445','Company','APOTEK SINAR JAYA','CAB06','Bekasi','Z32','Apotek'),
	('CUST55446','Company','APOTEK SAHABAT','CAB07','Padang','Z32','Apotek'),
	('CUST55447','Company','APOTEK TAPAK','CAB01','Aceh','Z32','Apotek'),
	('CUST55448','Company','APOTEK MAJA','CAB02','Kuningan','Z32','Apotek'),
	('CUST55449','Company','KLINIK GM','CAB03','Jakarta','Z31','Klinik'),
	('CUST55450','Company','APOTEK MERDEKA','CAB04','Bandung','Z32','Apotek'),
	('CUST55451','Company','KLINIK SAHABAT','CAB05','Tangerang','Z31','Klinik'),
	('CUST55452','Company','APOTEK SINAR JAYA','CAB06','Bekasi','Z32','Apotek'),
	('CUST55453','Company','APOTEK SAHABAT','CAB07','Padang','Z32','Apotek'),
	('CUST55454','Company','KLINIK DR. ANDRI','CAB08','Lampung','Z31','Klinik'),
	('CUST55455','Company','APOTEK TAPAK','CAB01','Aceh','Z32','Apotek'),
	('CUST55456','Company','APOTEK MAJA','CAB02','Kuningan','Z32','Apotek'),
	('CUST55457','Company','KLINIK GM','CAB03','Jakarta','Z31','Klinik'),
	('CUST55458','Company','APOTEK MERDEKA','CAB04','Bandung','Z32','Apotek'),
	('CUST55459','Company','KLINIK SAHABAT','CAB05','Tangerang','Z31','Klinik'),
	('CUST55460','Company','APOTEK SINAR JAYA','CAB06','Bekasi','Z32','Apotek'),
	('CUST55461','Company','APOTEK SAHABAT','CAB07','Padang','Z32','Apotek'),
	('CUST55462','Company','APOTEK TAPAK','CAB01','Aceh','Z32','Apotek'),
	('CUST55463','Company','APOTEK MAJA','CAB02','Kuningan','Z32','Apotek'),
	('CUST55464','Company','KLINIK GM','CAB03','Jakarta','Z31','Klinik'),
	('CUST55465','Company','APOTEK MERDEKA','CAB04','Bandung','Z32','Apotek'),
	('CUST55466','Company','KLINIK SAHABAT','CAB05','Tangerang','Z31','Klinik'),
	('CUST55467','Company','APOTEK SINAR JAYA','CAB06','Bekasi','Z32','Apotek'),
	('CUST55468','Company','APOTEK SAHABAT','CAB07','Padang','Z32','Apotek'),
	('CUST55469','Company','KLINIK DR. ANDRI','CAB08','Lampung','Z31','Klinik'),
	('CUST55470','Company','APOTEK TAPAK','CAB01','Aceh','Z32','Apotek'),
	('CUST55471','Company','APOTEK MAJA','CAB02','Kuningan','Z32','Apotek'),
	('CUST55472','Company','KLINIK GM','CAB03','Jakarta','Z31','Klinik'),
	('CUST55473','Company','APOTEK MERDEKA','CAB04','Bandung','Z32','Apotek'),
	('CUST55474','Company','KLINIK SAHABAT','CAB05','Tangerang','Z31','Klinik'),
	('CUST55475','Company','APOTEK SINAR JAYA','CAB06','Bekasi','Z32','Apotek'),
	('CUST55476','Company','APOTEK SAHABAT','CAB07','Padang','Z32','Apotek'),
	('CUST55477','Company','APOTEK TAPAK','CAB01','Aceh','Z32','Apotek'),
	('CUST55478','Company','APOTEK MAJA','CAB02','Kuningan','Z32','Apotek'),
	('CUST55479','Company','KLINIK GM','CAB03','Jakarta','Z31','Klinik'),
	('CUST55480','Company','APOTEK MERDEKA','CAB04','Bandung','Z32','Apotek'),
	('CUST55481','Company','KLINIK SAHABAT','CAB05','Tangerang','Z31','Klinik'),
	('CUST55482','Company','APOTEK SINAR JAYA','CAB06','Bekasi','Z32','Apotek'),
	('CUST55483','Company','APOTEK SAHABAT','CAB07','Padang','Z32','Apotek'),
	('CUST55484','Company','KLINIK DR. ANDRI','CAB08','Lampung','Z31','Klinik'),
	('CUST55485','Company','APOTEK TAPAK','CAB01','Aceh','Z32','Apotek'),
	('CUST55486','Company','APOTEK MAJA','CAB02','Kuningan','Z32','Apotek'),
	('CUST55487','Company','KLINIK GM','CAB03','Jakarta','Z31','Klinik'),
	('CUST55488','Company','APOTEK MERDEKA','CAB04','Bandung','Z32','Apotek'),
	('CUST55489','Company','KLINIK SAHABAT','CAB05','Tangerang','Z31','Klinik'),
	('CUST55490','Company','APOTEK SINAR JAYA','CAB06','Bekasi','Z32','Apotek'),
	('CUST55491','Company','APOTEK SAHABAT','CAB07','Padang','Z32','Apotek'),
	('CUST55492','Company','APOTEK TAPAK','CAB01','Aceh','Z32','Apotek'),
	('CUST55493','Company','APOTEK MAJA','CAB02','Kuningan','Z32','Apotek'),
	('CUST55494','Company','KLINIK GM','CAB03','Jakarta','Z31','Klinik'),
	('CUST55495','Company','APOTEK MERDEKA','CAB04','Bandung','Z32','Apotek'),
	('CUST55496','Company','KLINIK SAHABAT','CAB05','Tangerang','Z31','Klinik'),
	('CUST55497','Company','APOTEK SINAR JAYA','CAB06','Bekasi','Z32','Apotek'),
	('CUST55498','Company','APOTEK SAHABAT','CAB07','Padang','Z32','Apotek'),
	('CUST55499','Company','KLINIK DR. ANDRI','CAB08','Lampung','Z31','Klinik'),
	('CUST55500','Company','APOTEK TAPAK','CAB01','Aceh','Z32','Apotek'),
	('CUST55501','Company','APOTEK MAJA','CAB02','Kuningan','Z32','Apotek'),
	('CUST55502','Company','KLINIK GM','CAB03','Jakarta','Z31','Klinik'),
	('CUST55503','Company','APOTEK MERDEKA','CAB04','Bandung','Z32','Apotek'),
	('CUST55504','Company','KLINIK SAHABAT','CAB05','Tangerang','Z31','Klinik'),
	('CUST55505','Company','APOTEK SINAR JAYA','CAB06','Bekasi','Z32','Apotek'),
	('CUST55506','Company','APOTEK SAHABAT','CAB07','Padang','Z32','Apotek'),
	('CUST55507','Company','APOTEK TAPAK','CAB01','Aceh','Z32','Apotek'),
	('CUST55508','Company','APOTEK MAJA','CAB02','Kuningan','Z32','Apotek'),
	('CUST55509','Company','KLINIK GM','CAB03','Jakarta','Z31','Klinik'),
	('CUST55510','Company','APOTEK MERDEKA','CAB04','Bandung','Z32','Apotek'),
	('CUST55511','Company','KLINIK SAHABAT','CAB05','Tangerang','Z31','Klinik'),
	('CUST55512','Company','APOTEK SINAR JAYA','CAB06','Bekasi','Z32','Apotek'),
	('CUST55513','Company','APOTEK SAHABAT','CAB07','Padang','Z32','Apotek'),
	('CUST55514','Company','KLINIK DR. ANDRI','CAB08','Lampung','Z31','Klinik'),
	('CUST55515','Company','APOTEK TAPAK','CAB01','Aceh','Z32','Apotek'),
	('CUST55516','Company','APOTEK MAJA','CAB02','Kuningan','Z32','Apotek'),
	('CUST55517','Company','KLINIK GM','CAB03','Jakarta','Z31','Klinik'),
	('CUST55518','Company','APOTEK MERDEKA','CAB04','Bandung','Z32','Apotek'),
	('CUST55519','Company','KLINIK SAHABAT','CAB05','Tangerang','Z31','Klinik'),
	('CUST55520','Company','APOTEK SINAR JAYA','CAB06','Bekasi','Z32','Apotek'),
	('CUST55521','Company','APOTEK SAHABAT','CAB07','Padang','Z32','Apotek'),
	('CUST55522','Company','APOTEK TAPAK','CAB01','Aceh','Z32','Apotek'),
	('CUST55523','Company','APOTEK MAJA','CAB02','Kuningan','Z32','Apotek'),
	('CUST55524','Company','KLINIK GM','CAB03','Jakarta','Z31','Klinik'),
	('CUST55525','Company','APOTEK MERDEKA','CAB04','Bandung','Z32','Apotek'),
	('CUST55526','Company','KLINIK SAHABAT','CAB05','Tangerang','Z31','Klinik'),
	('CUST55527','Company','APOTEK SINAR JAYA','CAB06','Bekasi','Z32','Apotek'),
	('CUST55528','Company','APOTEK SAHABAT','CAB07','Padang','Z32','Apotek'),
	('CUST55529','Company','KLINIK DR. ANDRI','CAB08','Lampung','Z31','Klinik'),
	('CUST55530','Company','APOTEK TAPAK','CAB01','Aceh','Z32','Apotek'),
	('CUST55531','Company','APOTEK MAJA','CAB02','Kuningan','Z32','Apotek'),
	('CUST55532','Company','KLINIK GM','CAB03','Jakarta','Z31','Klinik'),
	('CUST55533','Company','APOTEK MERDEKA','CAB04','Bandung','Z32','Apotek'),
	('CUST55534','Company','KLINIK SAHABAT','CAB05','Tangerang','Z31','Klinik'),
	('CUST55535','Company','APOTEK SINAR JAYA','CAB06','Bekasi','Z32','Apotek'),
	('CUST55536','Company','APOTEK SAHABAT','CAB07','Padang','Z32','Apotek'),
	('CUST55537','Company','APOTEK TAPAK','CAB01','Aceh','Z32','Apotek'),
	('CUST55538','Company','APOTEK MAJA','CAB02','Kuningan','Z32','Apotek'),
	('CUST55539','Company','KLINIK GM','CAB03','Jakarta','Z31','Klinik'),
	('CUST55540','Company','APOTEK MERDEKA','CAB04','Bandung','Z32','Apotek'),
	('CUST55541','Company','KLINIK SAHABAT','CAB05','Tangerang','Z31','Klinik'),
	('CUST55542','Company','APOTEK SINAR JAYA','CAB06','Bekasi','Z32','Apotek'),
	('CUST55543','Company','APOTEK SAHABAT','CAB07','Padang','Z32','Apotek'),
	('CUST55544','Company','KLINIK DR. ANDRI','CAB08','Lampung','Z31','Klinik'),
	('CUST55545','Company','APOTEK TAPAK','CAB01','Aceh','Z32','Apotek'),
	('CUST55546','Company','APOTEK MAJA','CAB02','Kuningan','Z32','Apotek'),
	('CUST55547','Company','KLINIK GM','CAB03','Jakarta','Z31','Klinik'),
	('CUST55548','Company','APOTEK MERDEKA','CAB04','Bandung','Z32','Apotek'),
	('CUST55549','Company','KLINIK SAHABAT','CAB05','Tangerang','Z31','Klinik'),
	('CUST55550','Company','APOTEK SINAR JAYA','CAB06','Bekasi','Z32','Apotek'),
	('CUST55551','Company','APOTEK SAHABAT','CAB07','Padang','Z32','Apotek'),
	('CUST55552','Company','APOTEK TAPAK','CAB01','Aceh','Z32','Apotek'),
	('CUST55553','Company','APOTEK MAJA','CAB02','Kuningan','Z32','Apotek'),
	('CUST55554','Company','KLINIK GM','CAB03','Jakarta','Z31','Klinik'),
	('CUST55555','Company','APOTEK MERDEKA','CAB04','Bandung','Z32','Apotek'),
	('CUST55556','Company','KLINIK SAHABAT','CAB05','Tangerang','Z31','Klinik'),
	('CUST55557','Company','APOTEK SINAR JAYA','CAB06','Bekasi','Z32','Apotek'),
	('CUST55558','Company','APOTEK SAHABAT','CAB07','Padang','Z32','Apotek'),
	('CUST55559','Company','KLINIK DR. ANDRI','CAB08','Lampung','Z31','Klinik'),
	('CUST55560','Company','APOTEK TAPAK','CAB01','Aceh','Z32','Apotek'),
	('CUST55561','Company','APOTEK MAJA','CAB02','Kuningan','Z32','Apotek'),
	('CUST55562','Company','KLINIK GM','CAB03','Jakarta','Z31','Klinik'),
	('CUST55563','Company','APOTEK MERDEKA','CAB04','Bandung','Z32','Apotek'),
	('CUST55564','Company','KLINIK SAHABAT','CAB05','Tangerang','Z31','Klinik'),
	('CUST55565','Company','APOTEK SINAR JAYA','CAB06','Bekasi','Z32','Apotek'),
	('CUST55566','Company','APOTEK SAHABAT','CAB07','Padang','Z32','Apotek'),
	('CUST55567','Company','APOTEK TAPAK','CAB01','Aceh','Z32','Apotek'),
	('CUST55568','Company','APOTEK MAJA','CAB02','Kuningan','Z32','Apotek'),
	('CUST55569','Company','KLINIK GM','CAB03','Jakarta','Z31','Klinik'),
	('CUST55570','Company','APOTEK MERDEKA','CAB04','Bandung','Z32','Apotek'),
	('CUST55571','Company','KLINIK SAHABAT','CAB05','Tangerang','Z31','Klinik'),
	('CUST55572','Company','APOTEK SINAR JAYA','CAB06','Bekasi','Z32','Apotek'),
	('CUST55573','Company','APOTEK SAHABAT','CAB07','Padang','Z32','Apotek'),
	('CUST55574','Company','KLINIK DR. ANDRI','CAB08','Lampung','Z31','Klinik'),
	('CUST55575','Company','APOTEK TAPAK','CAB01','Aceh','Z32','Apotek'),
	('CUST55576','Company','APOTEK MAJA','CAB02','Kuningan','Z32','Apotek'),
	('CUST55577','Company','KLINIK GM','CAB03','Jakarta','Z31','Klinik'),
	('CUST55578','Company','APOTEK MERDEKA','CAB04','Bandung','Z32','Apotek'),
	('CUST55579','Company','KLINIK SAHABAT','CAB05','Tangerang','Z31','Klinik'),
	('CUST55580','Company','APOTEK SINAR JAYA','CAB06','Bekasi','Z32','Apotek'),
	('CUST55581','Company','APOTEK SAHABAT','CAB07','Padang','Z32','Apotek'),
	('CUST55582','Company','APOTEK TAPAK','CAB01','Aceh','Z32','Apotek'),
	('CUST55583','Company','APOTEK MAJA','CAB02','Kuningan','Z32','Apotek'),
	('CUST55584','Company','KLINIK GM','CAB03','Jakarta','Z31','Klinik'),
	('CUST55585','Company','APOTEK MERDEKA','CAB04','Bandung','Z32','Apotek'),
	('CUST55586','Company','KLINIK SAHABAT','CAB05','Tangerang','Z31','Klinik'),
	('CUST55587','Company','APOTEK SINAR JAYA','CAB06','Bekasi','Z32','Apotek'),
	('CUST55588','Company','APOTEK SAHABAT','CAB07','Padang','Z32','Apotek'),
	('CUST55589','Company','KLINIK DR. ANDRI','CAB08','Lampung','Z31','Klinik'),
	('CUST55590','Company','APOTEK TAPAK','CAB01','Aceh','Z32','Apotek'),
	('CUST55591','Company','APOTEK MAJA','CAB02','Kuningan','Z32','Apotek'),
	('CUST55592','Company','KLINIK GM','CAB03','Jakarta','Z31','Klinik'),
	('CUST55593','Company','APOTEK MERDEKA','CAB04','Bandung','Z32','Apotek'),
	('CUST55594','Company','KLINIK SAHABAT','CAB05','Tangerang','Z31','Klinik'),
	('CUST55595','Company','APOTEK SINAR JAYA','CAB06','Bekasi','Z32','Apotek'),
	('CUST55596','Company','APOTEK SAHABAT','CAB07','Padang','Z32','Apotek'),
	('CUST55597','Company','APOTEK TAPAK','CAB01','Aceh','Z32','Apotek'),
	('CUST55598','Company','APOTEK MAJA','CAB02','Kuningan','Z32','Apotek'),
	('CUST55599','Company','KLINIK GM','CAB03','Jakarta','Z31','Klinik'),
	('CUST55600','Company','APOTEK MERDEKA','CAB04','Bandung','Z32','Apotek'),
	('CUST55601','Company','KLINIK SAHABAT','CAB05','Tangerang','Z31','Klinik'),
	('CUST55602','Company','APOTEK SINAR JAYA','CAB06','Bekasi','Z32','Apotek'),
	('CUST55603','Company','APOTEK SAHABAT','CAB07','Padang','Z32','Apotek'),
	('CUST55604','Company','KLINIK DR. ANDRI','CAB08','Lampung','Z31','Klinik'),
	('CUST55605','Company','APOTEK TAPAK','CAB01','Aceh','Z32','Apotek'),
	('CUST55606','Company','APOTEK MAJA','CAB02','Kuningan','Z32','Apotek'),
	('CUST55607','Company','KLINIK GM','CAB03','Jakarta','Z31','Klinik'),
	('CUST55608','Company','APOTEK MERDEKA','CAB04','Bandung','Z32','Apotek'),
	('CUST55609','Company','KLINIK SAHABAT','CAB05','Tangerang','Z31','Klinik'),
	('CUST55610','Company','APOTEK SINAR JAYA','CAB06','Bekasi','Z32','Apotek'),
	('CUST55611','Company','APOTEK SAHABAT','CAB07','Padang','Z32','Apotek'),
	('CUST55612','Company','APOTEK TAPAK','CAB01','Aceh','Z32','Apotek'),
	('CUST55613','Company','APOTEK MAJA','CAB02','Kuningan','Z32','Apotek'),
	('CUST55614','Company','KLINIK GM','CAB03','Jakarta','Z31','Klinik'),
	('CUST55615','Company','APOTEK MERDEKA','CAB04','Bandung','Z32','Apotek'),
	('CUST55616','Company','KLINIK SAHABAT','CAB05','Tangerang','Z31','Klinik'),
	('CUST55617','Company','APOTEK SINAR JAYA','CAB06','Bekasi','Z32','Apotek'),
	('CUST55618','Company','APOTEK SAHABAT','CAB07','Padang','Z32','Apotek'),
	('CUST55619','Company','KLINIK DR. ANDRI','CAB08','Lampung','Z31','Klinik'),
	('CUST55620','Company','APOTEK TAPAK','CAB01','Aceh','Z32','Apotek'),
	('CUST55621','Company','APOTEK MAJA','CAB02','Kuningan','Z32','Apotek'),
	('CUST55622','Company','KLINIK GM','CAB03','Jakarta','Z31','Klinik'),
	('CUST55623','Company','APOTEK MERDEKA','CAB04','Bandung','Z32','Apotek'),
	('CUST55624','Company','KLINIK SAHABAT','CAB05','Tangerang','Z31','Klinik'),
	('CUST55625','Company','APOTEK SINAR JAYA','CAB06','Bekasi','Z32','Apotek'),
	('CUST55626','Company','APOTEK SAHABAT','CAB07','Padang','Z32','Apotek'),
	('CUST55627','Company','APOTEK TAPAK','CAB01','Aceh','Z32','Apotek'),
	('CUST55628','Company','APOTEK MAJA','CAB02','Kuningan','Z32','Apotek'),
	('CUST55629','Company','KLINIK GM','CAB03','Jakarta','Z31','Klinik');
INSERT INTO pelanggan VALUES ('CUST55630','Company','APOTEK MERDEKA','CAB04','Bandung','Z32','Apotek'),
	('CUST55631','Company','KLINIK SAHABAT','CAB05','Tangerang','Z31','Klinik'),
	('CUST55632','Company','APOTEK SINAR JAYA','CAB06','Bekasi','Z32','Apotek'),
	('CUST55633','Company','APOTEK SAHABAT','CAB07','Padang','Z32','Apotek'),
	('CUST55634','Company','KLINIK DR. ANDRI','CAB08','Lampung','Z31','Klinik'),
	('CUST55635','Company','APOTEK TAPAK','CAB01','Aceh','Z32','Apotek'),
	('CUST55636','Company','APOTEK MAJA','CAB02','Kuningan','Z32','Apotek'),
	('CUST55637','Company','KLINIK GM','CAB03','Jakarta','Z31','Klinik'),
	('CUST55638','Company','APOTEK MERDEKA','CAB04','Bandung','Z32','Apotek'),
	('CUST55639','Company','KLINIK SAHABAT','CAB05','Tangerang','Z31','Klinik'),
	('CUST55640','Company','APOTEK SINAR JAYA','CAB06','Bekasi','Z32','Apotek'),
	('CUST55641','Company','APOTEK SAHABAT','CAB07','Padang','Z32','Apotek'),
	('CUST55642','Company','APOTEK TAPAK','CAB01','Aceh','Z32','Apotek'),
	('CUST55643','Company','APOTEK MAJA','CAB02','Kuningan','Z32','Apotek'),
	('CUST55644','Company','KLINIK GM','CAB03','Jakarta','Z31','Klinik'),
	('CUST55645','Company','APOTEK MERDEKA','CAB04','Bandung','Z32','Apotek'),
	('CUST55646','Company','KLINIK SAHABAT','CAB05','Tangerang','Z31','Klinik'),
	('CUST55647','Company','APOTEK SINAR JAYA','CAB06','Bekasi','Z32','Apotek'),
	('CUST55648','Company','APOTEK SAHABAT','CAB07','Padang','Z32','Apotek'),
	('CUST55649','Company','KLINIK DR. ANDRI','CAB08','Lampung','Z31','Klinik'),
	('CUST55650','Company','APOTEK TAPAK','CAB01','Aceh','Z32','Apotek'),
	('CUST55651','Company','APOTEK MAJA','CAB02','Kuningan','Z32','Apotek'),
	('CUST55652','Company','KLINIK GM','CAB03','Jakarta','Z31','Klinik'),
	('CUST55653','Company','APOTEK MERDEKA','CAB04','Bandung','Z32','Apotek'),
	('CUST55654','Company','KLINIK SAHABAT','CAB05','Tangerang','Z31','Klinik'),
	('CUST55655','Company','APOTEK SINAR JAYA','CAB06','Bekasi','Z32','Apotek'),
	('CUST55656','Company','APOTEK SAHABAT','CAB07','Padang','Z32','Apotek'),
	('CUST55657','Company','APOTEK TAPAK','CAB01','Aceh','Z32','Apotek'),
	('CUST55658','Company','APOTEK MAJA','CAB02','Kuningan','Z32','Apotek'),
	('CUST55659','Company','KLINIK GM','CAB03','Jakarta','Z31','Klinik'),
	('CUST55660','Company','APOTEK MERDEKA','CAB04','Bandung','Z32','Apotek'),
	('CUST55661','Company','KLINIK SAHABAT','CAB05','Tangerang','Z31','Klinik'),
	('CUST55662','Company','APOTEK SINAR JAYA','CAB06','Bekasi','Z32','Apotek'),
	('CUST55663','Company','APOTEK SAHABAT','CAB07','Padang','Z32','Apotek'),
	('CUST55664','Company','KLINIK DR. ANDRI','CAB08','Lampung','Z31','Klinik'),
	('CUST55665','Company','APOTEK TAPAK','CAB01','Aceh','Z32','Apotek'),
	('CUST55666','Company','APOTEK MAJA','CAB02','Kuningan','Z32','Apotek'),
	('CUST55667','Company','KLINIK GM','CAB03','Jakarta','Z31','Klinik'),
	('CUST55668','Company','APOTEK MERDEKA','CAB04','Bandung','Z32','Apotek'),
	('CUST55669','Company','KLINIK SAHABAT','CAB05','Tangerang','Z31','Klinik'),
	('CUST55670','Company','APOTEK SINAR JAYA','CAB06','Bekasi','Z32','Apotek'),
	('CUST55671','Company','APOTEK SAHABAT','CAB07','Padang','Z32','Apotek'),
	('CUST55672','Company','APOTEK TAPAK','CAB01','Aceh','Z32','Apotek'),
	('CUST55673','Company','APOTEK MAJA','CAB02','Kuningan','Z32','Apotek'),
	('CUST55674','Company','KLINIK GM','CAB03','Jakarta','Z31','Klinik'),
	('CUST55675','Company','APOTEK MERDEKA','CAB04','Bandung','Z32','Apotek'),
	('CUST55676','Company','KLINIK SAHABAT','CAB05','Tangerang','Z31','Klinik'),
	('CUST55677','Company','APOTEK SINAR JAYA','CAB06','Bekasi','Z32','Apotek'),
	('CUST55678','Company','APOTEK SAHABAT','CAB07','Padang','Z32','Apotek'),
	('CUST55679','Company','KLINIK DR. ANDRI','CAB08','Lampung','Z31','Klinik'),
	('CUST55680','Company','APOTEK TAPAK','CAB01','Aceh','Z32','Apotek'),
	('CUST55681','Company','APOTEK MAJA','CAB02','Kuningan','Z32','Apotek'),
	('CUST55682','Company','KLINIK GM','CAB03','Jakarta','Z31','Klinik'),
	('CUST55683','Company','APOTEK MERDEKA','CAB04','Bandung','Z32','Apotek'),
	('CUST55684','Company','KLINIK SAHABAT','CAB05','Tangerang','Z31','Klinik'),
	('CUST55685','Company','APOTEK SINAR JAYA','CAB06','Bekasi','Z32','Apotek'),
	('CUST55686','Company','APOTEK SAHABAT','CAB07','Padang','Z32','Apotek'),
	('CUST55687','Company','APOTEK TAPAK','CAB01','Aceh','Z32','Apotek'),
	('CUST55688','Company','APOTEK MAJA','CAB02','Kuningan','Z32','Apotek'),
	('CUST55689','Company','KLINIK GM','CAB03','Jakarta','Z31','Klinik'),
	('CUST55690','Company','APOTEK MERDEKA','CAB04','Bandung','Z32','Apotek'),
	('CUST55691','Company','KLINIK SAHABAT','CAB05','Tangerang','Z31','Klinik'),
	('CUST55692','Company','APOTEK SINAR JAYA','CAB06','Bekasi','Z32','Apotek'),
	('CUST55693','Company','APOTEK SAHABAT','CAB07','Padang','Z32','Apotek'),
	('CUST55694','Company','KLINIK DR. ANDRI','CAB08','Lampung','Z31','Klinik'),
	('CUST55695','Company','APOTEK TAPAK','CAB01','Aceh','Z32','Apotek'),
	('CUST55696','Company','APOTEK MAJA','CAB02','Kuningan','Z32','Apotek'),
	('CUST55697','Company','KLINIK GM','CAB03','Jakarta','Z31','Klinik'),
	('CUST55698','Company','APOTEK MERDEKA','CAB04','Bandung','Z32','Apotek'),
	('CUST55699','Company','KLINIK SAHABAT','CAB05','Tangerang','Z31','Klinik'),
	('CUST55700','Company','APOTEK SINAR JAYA','CAB06','Bekasi','Z32','Apotek'),
	('CUST55701','Company','APOTEK SAHABAT','CAB07','Padang','Z32','Apotek'),
	('CUST55702','Company','APOTEK TAPAK','CAB01','Aceh','Z32','Apotek'),
	('CUST55703','Company','APOTEK MAJA','CAB02','Kuningan','Z32','Apotek'),
	('CUST55704','Company','KLINIK GM','CAB03','Jakarta','Z31','Klinik'),
	('CUST55705','Company','APOTEK MERDEKA','CAB04','Bandung','Z32','Apotek'),
	('CUST55706','Company','KLINIK SAHABAT','CAB05','Tangerang','Z31','Klinik'),
	('CUST55707','Company','APOTEK SINAR JAYA','CAB06','Bekasi','Z32','Apotek'),
	('CUST55708','Company','APOTEK SAHABAT','CAB07','Padang','Z32','Apotek'),
	('CUST55709','Company','KLINIK DR. ANDRI','CAB08','Lampung','Z31','Klinik'),
	('CUST55710','Company','APOTEK TAPAK','CAB01','Aceh','Z32','Apotek'),
	('CUST55711','Company','APOTEK MAJA','CAB02','Kuningan','Z32','Apotek'),
	('CUST55712','Company','KLINIK GM','CAB03','Jakarta','Z31','Klinik'),
	('CUST55713','Company','APOTEK MERDEKA','CAB04','Bandung','Z32','Apotek'),
	('CUST55714','Company','KLINIK SAHABAT','CAB05','Tangerang','Z31','Klinik'),
	('CUST55715','Company','APOTEK SINAR JAYA','CAB06','Bekasi','Z32','Apotek'),
	('CUST55716','Company','APOTEK SAHABAT','CAB07','Padang','Z32','Apotek'),
	('CUST55717','Company','APOTEK TAPAK','CAB01','Aceh','Z32','Apotek'),
	('CUST55718','Company','APOTEK MAJA','CAB02','Kuningan','Z32','Apotek'),
	('CUST55719','Company','KLINIK GM','CAB03','Jakarta','Z31','Klinik'),
	('CUST55720','Company','APOTEK MERDEKA','CAB04','Bandung','Z32','Apotek'),
	('CUST55721','Company','KLINIK SAHABAT','CAB05','Tangerang','Z31','Klinik'),
	('CUST55722','Company','APOTEK SINAR JAYA','CAB06','Bekasi','Z32','Apotek'),
	('CUST55723','Company','APOTEK SAHABAT','CAB07','Padang','Z32','Apotek'),
	('CUST55724','Company','KLINIK DR. ANDRI','CAB08','Lampung','Z31','Klinik'),
	('CUST55725','Company','APOTEK TAPAK','CAB01','Aceh','Z32','Apotek'),
	('CUST55726','Company','APOTEK MAJA','CAB02','Kuningan','Z32','Apotek'),
	('CUST55727','Company','KLINIK GM','CAB03','Jakarta','Z31','Klinik'),
	('CUST55728','Company','APOTEK MERDEKA','CAB04','Bandung','Z32','Apotek'),
	('CUST55729','Company','KLINIK SAHABAT','CAB05','Tangerang','Z31','Klinik');

ALTER TABLE `pelanggan` ADD PRIMARY KEY(`id_customer`);

CREATE TABLE IF NOT EXISTS barang (
    `kode_barang` VARCHAR(7) CHARACTER SET utf8,
    `sektor` VARCHAR(1) CHARACTER SET utf8,
    `nama_barang` VARCHAR(41) CHARACTER SET utf8,
    `tipe` VARCHAR(4) CHARACTER SET utf8,
    `nama_tipe` VARCHAR(11) CHARACTER SET utf8,
    `kode_lini` INT,
    `lini` VARCHAR(8) CHARACTER SET utf8,
    `kemasan` VARCHAR(6) CHARACTER SET utf8
);
INSERT INTO barang VALUES ('BRG0001','P','ACYCLOVIR DUS','ZPJ1','Produk jadi',206,'OGB & PH','DUS'),
	('BRG0002','P','ALERGINE TABLET SALUT','ZPJ1','Produk jadi',203,'ETIKAL','DUS'),
	('BRG0003','P','AMPICILLIN','ZPJ1','Produk jadi',210,'MARCKS','BOTOL'),
	('BRG0004','P','TRAMADOL KAPSUL 50 MG','ZPJ1','Produk jadi',201,'VNS','KAPSUL'),
	('BRG0005','P','KLORPROMAZINA TABLET SALUT SELAPUT 100 MG','ZPJ1','Produk jadi',203,'SLCYL','TABLET'),
	('BRG0006','P','KETOCONAZOLE TABLET 200 MG','ZPJ1','Produk jadi',205,'OGB & PH','TABLET'),
	('BRG0007','P','ERGOTAMINE COFFEINE','ZPJ1','Produk jadi',206,'ETIKAL','BOTOL'),
	('BRG0008','P','TETRACYCLINE KAPSUL 250 MG','ZPJ1','Produk jadi',204,'MARCKS','KAPSUL'),
	('BRG0009','P','AMBROXOL HC','ZPJ1','Produk jadi',207,'VNS','BOTOL'),
	('BRG0010','P','PARACETAMOL','ZPJ1','Produk jadi',208,'SLCYL','BOTOL');

ALTER TABLE `barang` ADD PRIMARY KEY(`kode_barang`);
